date,price
2015-01-02,169.2675323486328
2015-01-05,166.21055603027344
2015-01-06,164.64508056640625
2015-01-07,166.69676208496094
2015-01-08,169.65476989746094
2015-01-09,168.29530334472656
2015-01-12,166.97689819335938
2015-01-13,166.50726318359375
2015-01-14,165.50201416015625
2015-01-15,163.98590087890625
2015-01-16,166.13648986816406
2015-01-20,166.49078369140625
2015-01-21,167.3312225341797
2015-01-22,169.8196563720703
2015-01-23,168.88851928710938
2015-01-26,169.28402709960938
2015-01-27,167.051025390625
2015-01-28,164.90870666503906
2015-01-29,166.4330596923828
2015-01-30,164.34019470214844
2015-02-02,166.3754119873047
2015-02-03,168.78138732910156
2015-02-04,168.13865661621094
2015-02-05,169.83607482910156
2015-02-06,169.36634826660156
2015-02-09,168.60833740234375
2015-02-10,170.40457153320312
2015-02-11,170.5034942626953
2015-02-12,172.14320373535156
2015-02-13,172.8517608642578
2015-02-17,173.12367248535156
2015-02-18,173.14015197753906
2015-02-19,173.01657104492188
2015-02-20,174.0547332763672
2015-02-23,174.03005981445312
2015-02-24,174.5244140625
2015-02-25,174.37615966796875
2015-02-26,174.17015075683594
2015-02-27,173.57684326171875
2015-03-02,174.6727752685547
2015-03-03,173.9558868408203
2015-03-04,173.22254943847656
2015-03-05,173.412109375
2015-03-06,170.97315979003906
2015-03-09,171.6817626953125
2015-03-10,168.89671325683594
2015-03-11,168.50120544433594
2015-03-12,170.64353942871094
2015-03-13,169.5970916748047
2015-03-16,171.86302185058594
2015-03-17,171.35214233398438
2015-03-18,173.412109375
2015-03-19,172.6210479736328
2015-03-20,174.14474487304688
2015-03-23,173.80543518066406
2015-03-24,172.8288116455078
2015-03-25,170.29623413085938
2015-03-26,169.8907012939453
2015-03-27,170.27967834472656
2015-03-30,172.35707092285156
2015-03-31,170.85069274902344
2015-04-01,170.24652099609375
2015-04-02,170.85902404785156
2015-04-06,172.00941467285156
2015-04-07,171.55422973632812
2015-04-08,172.13357543945312
2015-04-09,172.89501953125
2015-04-10,173.8385772705078
2015-04-13,173.05226135253906
2015-04-14,173.38330078125
2015-04-15,174.16134643554688
2015-04-16,174.1116485595703
2015-04-17,172.1087646484375
2015-04-20,173.6812744140625
2015-04-21,173.47438049316406
2015-04-22,174.32687377929688
2015-04-23,174.76551818847656
2015-04-24,175.1710662841797
2015-04-27,174.44271850585938
2015-04-28,174.9972686767578
2015-04-29,174.27719116210938
2015-04-30,172.53086853027344
2015-05-01,174.40133666992188
2015-05-04,174.89796447753906
2015-05-05,172.89501953125
2015-05-06,172.1832275390625
2015-05-07,172.8701934814453
2015-05-08,175.14617919921875
2015-05-11,174.31028747558594
2015-05-12,173.78887939453125
2015-05-13,173.82199096679688
2015-05-14,175.63453674316406
2015-05-15,175.824951171875
2015-05-18,176.3711395263672
2015-05-19,176.3131866455078
2015-05-20,176.18905639648438
2015-05-21,176.7021942138672
2015-05-22,176.28013610839844
2015-05-26,174.38478088378906
2015-05-27,176.04005432128906
2015-05-28,175.84146118164062
2015-05-29,174.7489776611328
2015-06-01,175.10484313964844
2015-06-02,174.93106079101562
2015-06-03,175.39454650878906
2015-06-04,173.9130096435547
2015-06-05,173.6151123046875
2015-06-08,172.5474090576172
2015-06-09,172.52256774902344
2015-06-10,174.59165954589844
2015-06-11,175.154541015625
2015-06-12,173.81370544433594
2015-06-15,173.0688018798828
2015-06-16,174.01223754882812
2015-06-17,174.2937469482422
2015-06-18,176.10629272460938
2015-06-19,175.3245086669922
2015-06-22,176.22271728515625
2015-06-23,176.34747314453125
2015-06-24,175.06666564941406
2015-06-25,174.534423828125
2015-06-26,174.50115966796875
2015-06-29,170.84181213378906
2015-06-30,171.19943237304688
2015-07-01,172.5717010498047
2015-07-02,172.41368103027344
2015-07-06,171.92294311523438
2015-07-07,173.00411987304688
2015-07-08,170.10166931152344
2015-07-09,170.40936279296875
2015-07-10,172.5550537109375
2015-07-13,174.4595947265625
2015-07-14,175.21644592285156
2015-07-15,175.1581573486328
2015-07-16,176.56373596191406
2015-07-17,176.71340942382812
2015-07-20,176.8048553466797
2015-07-21,176.1062774658203
2015-07-22,175.79029846191406
2015-07-23,174.80055236816406
2015-07-24,172.98748779296875
2015-07-27,171.98121643066406
2015-07-28,174.09361267089844
2015-07-29,175.2912139892578
2015-07-30,175.33282470703125
2015-07-31,175.06666564941406
2015-08-03,174.4761962890625
2015-08-04,174.1351776123047
2015-08-05,174.7090606689453
2015-08-06,173.2786865234375
2015-08-07,172.94593811035156
2015-08-10,175.12490844726562
2015-08-11,173.54473876953125
2015-08-12,173.752685546875
2015-08-13,173.53646850585938
2015-08-14,174.16845703125
2015-08-17,175.14154052734375
2015-08-18,174.6342315673828
2015-08-19,173.2537078857422
2015-08-20,169.63589477539062
2015-08-21,164.52944946289062
2015-08-24,157.60162353515625
2015-08-25,155.7469940185547
2015-08-26,161.72669982910156
2015-08-27,165.72705078125
2015-08-28,165.73532104492188
2015-08-31,164.3963623046875
2015-09-01,159.48951721191406
2015-09-02,162.5167694091797
2015-09-03,162.6332244873047
2015-09-04,160.17147827148438
2015-09-08,164.1967315673828
2015-09-09,162.0011444091797
2015-09-10,162.88275146484375
2015-09-11,163.62290954589844
2015-09-14,163.01576232910156
2015-09-15,165.05340576171875
2015-09-16,166.48382568359375
2015-09-17,166.1095428466797
2015-09-18,163.3951416015625
2015-09-21,164.2394561767578
2015-09-22,162.107666015625
2015-09-23,161.8485107421875
2015-09-24,161.2633056640625
2015-09-25,161.22149658203125
2015-09-28,157.1753692626953
2015-09-29,157.26731872558594
2015-09-30,160.20169067382812
2015-10-01,160.61965942382812
2015-10-02,163.01890563964844
2015-10-05,165.91981506347656
2015-10-06,165.35134887695312
2015-10-07,166.7056427001953
2015-10-08,168.21043395996094
2015-10-09,168.31076049804688
2015-10-12,168.4696044921875
2015-10-13,167.4079132080078
2015-10-14,166.60533142089844
2015-10-15,169.16354370117188
2015-10-16,169.93263244628906
2015-10-19,170.0161895751953
2015-10-20,169.79884338378906
2015-10-21,168.7454833984375
2015-10-22,171.59622192382812
2015-10-23,173.4772186279297
2015-10-26,173.05088806152344
2015-10-27,172.7164764404297
2015-10-28,174.68104553222656
2015-10-29,174.5807647705078
2015-10-30,173.82830810546875
2015-11-02,175.88490295410156
2015-11-03,176.39479064941406
2015-11-04,175.8597869873047
2015-11-05,175.68421936035156
2015-11-06,175.59231567382812
2015-11-09,173.95372009277344
2015-11-10,174.35499572753906
2015-11-11,173.6694793701172
2015-11-12,171.24508666992188
2015-11-13,169.32232666015625
2015-11-16,171.89718627929688
2015-11-17,171.77178955078125
2015-11-18,174.49708557128906
2015-11-19,174.34666442871094
2015-11-20,174.9820556640625
2015-11-23,174.78138732910156
2015-11-24,175.01544189453125
2015-11-25,174.9904022216797
2015-11-27,175.19100952148438
2015-11-30,174.4636688232422
2015-12-01,176.12734985351562
2015-12-02,174.32992553710938
2015-12-03,171.8887939453125
2015-12-04,175.2411346435547
2015-12-07,174.17953491210938
2015-12-08,173.00904846191406
2015-12-09,171.66311645507812
2015-12-10,172.106201171875
2015-12-11,168.7706298828125
2015-12-14,169.62326049804688
2015-12-15,171.4039306640625
2015-12-16,173.91197204589844
2015-12-17,171.26181030273438
2015-12-18,168.2107696533203
2015-12-21,169.59837341308594
2015-12-22,171.1373748779297
2015-12-23,173.25662231445312
2015-12-24,172.97067260742188
2015-12-28,172.57545471191406
2015-12-29,174.41712951660156
2015-12-30,173.18092346191406
2015-12-31,171.448486328125
2016-01-04,169.0518035888672
2016-01-05,169.33770751953125
2016-01-06,167.20167541503906
2016-01-07,163.19020080566406
2016-01-08,161.39894104003906
2016-01-11,161.55873107910156
2016-01-12,162.8622283935547
2016-01-13,158.8003692626953
2016-01-14,161.4073486328125
2016-01-15,157.94256591796875
2016-01-19,158.1527557373047
2016-01-20,156.1260528564453
2016-01-21,157.0006866455078
2016-01-22,160.22158813476562
2016-01-25,157.79957580566406
2016-01-26,159.95248413085938
2016-01-27,158.21163940429688
2016-01-28,159.0358428955078
2016-01-29,162.9126739501953
2016-02-01,162.85377502441406
2016-02-02,159.91883850097656
2016-02-03,160.87754821777344
2016-02-04,161.12977600097656
2016-02-05,158.060302734375
2016-02-08,155.93258666992188
2016-02-09,155.94102478027344
2016-02-10,155.8064422607422
2016-02-11,153.77975463867188
2016-02-12,156.95021057128906
2016-02-16,159.59925842285156
2016-02-17,162.20623779296875
2016-02-18,161.5418701171875
2016-02-19,161.46621704101562
2016-02-22,163.80410766601562
2016-02-23,161.73532104492188
2016-02-24,162.47537231445312
2016-02-25,164.4432373046875
2016-02-26,164.0648193359375
2016-02-29,162.77810668945312
2016-03-01,166.60455322265625
2016-03-02,167.35296630859375
2016-03-03,168.0089874267578
2016-03-04,168.55557250976562
2016-03-07,168.69012451171875
2016-03-08,166.84835815429688
2016-03-09,167.67259216308594
2016-03-10,167.80715942382812
2016-03-11,170.5150604248047
2016-03-14,170.2964324951172
2016-03-15,170.01890563964844
2016-03-16,171.0028076171875
2016-03-17,172.0876922607422
2016-03-18,172.76390075683594
2016-03-21,173.00904846191406
2016-03-22,172.916015625
2016-03-23,171.77490234375
2016-03-24,171.69879150390625
2016-03-28,171.80027770996094
2016-03-29,173.38941955566406
2016-03-30,174.15020751953125
2016-03-31,173.7275848388672
2016-04-01,174.91099548339844
2016-04-04,174.3446044921875
2016-04-05,172.60328674316406
2016-04-06,174.4883270263672
2016-04-07,172.40042114257812
2016-04-08,172.8653564453125
2016-04-11,172.45960998535156
2016-04-12,174.06565856933594
2016-04-13,175.82391357421875
2016-04-14,175.8323516845703
2016-04-15,175.63795471191406
2016-04-18,176.87210083007812
2016-04-19,177.43003845214844
2016-04-20,177.5990447998047
2016-04-21,176.6438446044922
2016-04-22,176.6438446044922
2016-04-25,176.33956909179688
2016-04-26,176.6015625
2016-04-27,176.96510314941406
2016-04-28,175.35902404785156
2016-04-29,174.41233825683594
2016-05-02,175.79856872558594
2016-05-03,174.26858520507812
2016-05-04,173.2964630126953
2016-05-05,173.26260375976562
2016-05-06,173.89666748046875
2016-05-09,174.04029846191406
2016-05-10,176.20431518554688
2016-05-11,174.5559539794922
2016-05-12,174.60670471191406
2016-05-13,173.0851287841797
2016-05-16,174.7926788330078
2016-05-17,173.16127014160156
2016-05-18,173.21192932128906
2016-05-19,172.61172485351562
2016-05-20,173.70213317871094
2016-05-23,173.4655303955078
2016-05-24,175.71401977539062
2016-05-25,176.90594482421875
2016-05-26,176.9566192626953
2016-05-27,177.71739196777344
2016-05-31,177.37925720214844
2016-06-01,177.74276733398438
2016-06-02,178.2837371826172
2016-06-03,177.75120544433594
2016-06-06,178.65565490722656
2016-06-07,178.93463134765625
2016-06-08,179.51788330078125
2016-06-09,179.2727813720703
2016-06-10,177.57374572753906
2016-06-13,176.20431518554688
2016-06-14,175.85775756835938
2016-06-15,175.61260986328125
2016-06-16,176.1366729736328
2016-06-17,175.4807586669922
2016-06-20,176.61083984375
2016-06-21,177.1121826171875
2016-06-22,176.82321166992188
2016-06-23,179.12596130371094
2016-06-24,172.69371032714844
2016-06-27,169.60081481933594
2016-06-28,172.65968322753906
2016-06-29,175.59963989257812
2016-06-30,177.99581909179688
2016-07-01,178.3697052001953
2016-07-05,177.086669921875
2016-07-06,178.1488037109375
2016-07-07,178.03836059570312
2016-07-08,180.68939208984375
2016-07-11,181.32664489746094
2016-07-12,182.64369201660156
2016-07-13,182.6182098388672
2016-07-14,183.6378631591797
2016-07-15,183.39144897460938
2016-07-18,183.88426208496094
2016-07-19,183.69732666015625
2016-07-20,184.4620361328125
2016-07-21,183.7653350830078
2016-07-22,184.58953857421875
2016-07-25,184.08819580078125
2016-07-26,184.17320251464844
2016-07-27,183.9777374267578
2016-07-28,184.19017028808594
2016-07-29,184.487548828125
2016-08-01,184.33465576171875
2016-08-02,183.15350341796875
2016-08-03,183.6888885498047
2016-08-04,183.88426208496094
2016-08-05,185.38827514648438
2016-08-08,185.27777099609375
2016-08-09,185.38827514648438
2016-08-10,184.9293975830078
2016-08-11,185.78759765625
2016-08-12,185.62620544433594
2016-08-15,186.16148376464844
2016-08-16,185.20132446289062
2016-08-17,185.5496826171875
2016-08-18,185.96603393554688
2016-08-19,185.6941375732422
2016-08-22,185.6856231689453
2016-08-23,186.05950927734375
2016-08-24,185.10787963867188
2016-08-25,184.9804229736328
2016-08-26,184.6319580078125
2016-08-29,185.5412139892578
2016-08-30,185.2352752685547
2016-08-31,184.7084503173828
2016-09-01,184.7169952392578
2016-09-02,185.5496826171875
2016-09-06,186.11056518554688
2016-09-07,186.09349060058594
2016-09-08,185.6686553955078
2016-09-09,181.22471618652344
2016-09-12,183.82479858398438
2016-09-13,181.18223571777344
2016-09-14,181.1142120361328
2016-09-15,182.92410278320312
2016-09-16,182.21697998046875
2016-09-19,182.2511749267578
2016-09-20,182.25973510742188
2016-09-21,184.3092803955078
2016-09-22,185.470703125
2016-09-23,184.45448303222656
2016-09-26,182.9599609375
2016-09-27,184.09580993652344
2016-09-28,185.0095977783203
2016-09-29,183.33575439453125
2016-09-30,184.71923828125
2016-10-03,184.27513122558594
2016-10-04,183.33575439453125
2016-10-05,184.14698791503906
2016-10-06,184.27513122558594
2016-10-07,183.6431427001953
2016-10-10,184.59967041015625
2016-10-11,182.2682342529297
2016-10-12,182.50735473632812
2016-10-13,181.90957641601562
2016-10-14,182.00352478027344
2016-10-17,181.3715362548828
2016-10-18,182.50735473632812
2016-10-19,182.99412536621094
2016-10-20,182.6525421142578
2016-10-21,182.7379150390625
2016-10-24,183.51504516601562
2016-10-25,182.90020751953125
2016-10-26,182.53305053710938
2016-10-27,182.04620361328125
2016-10-28,181.50819396972656
2016-10-31,181.51673889160156
2016-11-01,180.20156860351562
2016-11-02,179.11700439453125
2016-11-03,178.29714965820312
2016-11-04,178.10081481933594
2016-11-07,182.02908325195312
2016-11-08,182.84896850585938
2016-11-09,184.78750610351562
2016-11-10,185.2487030029297
2016-11-11,184.8216552734375
2016-11-14,184.96685791015625
2016-11-15,186.4101104736328
2016-11-16,186.05995178222656
2016-11-17,187.01644897460938
2016-11-18,186.5979766845703
2016-11-21,188.007080078125
2016-11-22,188.3743133544922
2016-11-23,188.47674560546875
2016-11-25,189.1771240234375
2016-11-28,188.2889404296875
2016-11-29,188.65609741210938
2016-11-30,188.20350646972656
2016-12-01,187.51174926757812
2016-12-02,187.60572814941406
2016-12-05,188.73300170898438
2016-12-06,189.3307647705078
2016-12-07,191.807373046875
2016-12-08,192.2770233154297
2016-12-09,193.4384765625
2016-12-12,193.2164306640625
2016-12-13,194.5060272216797
2016-12-14,192.90045166015625
2016-12-15,193.69467163085938
2016-12-16,193.31585693359375
2016-12-19,193.7367706298828
2016-12-20,194.48414611816406
2016-12-21,193.9429473876953
2016-12-22,193.60800170898438
2016-12-23,193.891357421875
2016-12-27,194.37245178222656
2016-12-28,192.7661590576172
2016-12-29,192.72312927246094
2016-12-30,192.0187530517578
2017-01-03,193.48768615722656
2017-01-04,194.6387481689453
2017-01-05,194.48414611816406
2017-01-06,195.179931640625
2017-01-09,194.53567504882812
2017-01-10,194.53567504882812
2017-01-11,195.08546447753906
2017-01-12,194.5958251953125
2017-01-13,195.04249572753906
2017-01-17,194.35528564453125
2017-01-18,194.7848358154297
2017-01-19,194.06321716308594
2017-01-20,194.77621459960938
2017-01-23,194.2694091796875
2017-01-24,195.5150604248047
2017-01-25,197.20730590820312
2017-01-26,197.00111389160156
2017-01-27,196.69187927246094
2017-01-30,195.47203063964844
2017-01-31,195.45486450195312
2017-02-01,195.53216552734375
2017-02-02,195.66104125976562
2017-02-03,197.0096893310547
2017-02-06,196.6575164794922
2017-02-07,196.66612243652344
2017-02-08,196.923828125
2017-02-09,198.09207153320312
2017-02-10,198.873779296875
2017-02-13,199.95616149902344
2017-02-14,200.75506591796875
2017-02-15,201.8031005859375
2017-02-16,201.63131713867188
2017-02-17,201.9490966796875
2017-02-21,203.15170288085938
2017-02-22,202.97132873535156
2017-02-23,203.1088104248047
2017-02-24,203.3665313720703
2017-02-27,203.684326171875
2017-02-28,203.13458251953125
2017-03-01,205.9779815673828
2017-03-02,204.68080139160156
2017-03-03,204.80970764160156
2017-03-06,204.19976806640625
2017-03-07,203.58987426757812
2017-03-08,203.21192932128906
2017-03-09,203.46958923339844
2017-03-10,204.1825714111328
2017-03-13,204.28564453125
2017-03-14,203.50392150878906
2017-03-15,205.26495361328125
2017-03-16,204.86119079589844
2017-03-17,204.5014190673828
2017-03-20,204.277099609375
2017-03-21,201.654296875
2017-03-22,202.12884521484375
2017-03-23,201.91317749023438
2017-03-24,201.76649475097656
2017-03-27,201.55941772460938
2017-03-28,203.02610778808594
2017-03-29,203.2158966064453
2017-03-30,203.8629150390625
2017-03-31,203.38856506347656
2017-04-03,203.03475952148438
2017-04-04,203.1641845703125
2017-04-05,202.5602569580078
2017-04-06,203.129638671875
2017-04-07,202.92262268066406
2017-04-10,203.0433807373047
2017-04-11,202.8018035888672
2017-04-12,201.91317749023438
2017-04-13,200.60174560546875
2017-04-17,202.37904357910156
2017-04-18,201.77511596679688
2017-04-19,201.40414428710938
2017-04-20,203.0433807373047
2017-04-21,202.39630126953125
2017-04-24,204.62222290039062
2017-04-25,205.8128204345703
2017-04-26,205.68344116210938
2017-04-27,205.85592651367188
2017-04-28,205.4073944091797
2017-05-01,205.92503356933594
2017-05-02,206.0026397705078
2017-05-03,205.75245666503906
2017-05-04,205.99404907226562
2017-05-05,206.80502319335938
2017-05-08,206.77049255371094
2017-05-09,206.58071899414062
2017-05-10,206.95175170898438
2017-05-11,206.52896118164062
2017-05-12,206.18386840820312
2017-05-15,207.32269287109375
2017-05-16,207.13284301757812
2017-05-17,203.45751953125
2017-05-18,204.277099609375
2017-05-19,205.60581970214844
2017-05-22,206.64971923828125
2017-05-23,207.10704040527344
2017-05-24,207.590087890625
2017-05-25,208.58236694335938
2017-05-26,208.5392303466797
2017-05-30,208.35800170898438
2017-05-31,208.30624389648438
2017-06-01,209.9627227783203
2017-06-02,210.66162109375
2017-06-05,210.5063018798828
2017-06-06,209.83334350585938
2017-06-07,210.2216033935547
2017-06-08,210.3251495361328
2017-06-09,210.00584411621094
2017-06-12,209.9627227783203
2017-06-13,210.9894561767578
2017-06-14,210.72198486328125
2017-06-15,210.31646728515625
2017-06-16,210.36244201660156
2017-06-19,212.1137237548828
2017-06-20,210.68324279785156
2017-06-21,210.63119506835938
2017-06-22,210.53582763671875
2017-06-23,210.78729248046875
2017-06-26,210.9259490966797
2017-06-27,209.22669982910156
2017-06-28,211.09934997558594
2017-06-29,209.24403381347656
2017-06-30,209.63417053222656
2017-07-03,209.98960876464844
2017-07-05,210.47512817382812
2017-07-06,208.55047607421875
2017-07-07,209.90292358398438
2017-07-10,210.1283721923828
2017-07-11,209.9723358154297
2017-07-12,211.55015563964844
2017-07-13,211.90562438964844
2017-07-14,212.8939971923828
2017-07-17,212.86801147460938
2017-07-18,212.9806671142578
2017-07-19,214.1337432861328
2017-07-20,214.22915649414062
2017-07-21,214.03839111328125
2017-07-24,213.9864044189453
2017-07-25,214.506591796875
2017-07-26,214.51519775390625
2017-07-27,214.3158416748047
2017-07-28,214.0643768310547
2017-07-31,213.9430694580078
2017-08-01,214.41990661621094
2017-08-02,214.52391052246094
2017-08-03,214.10775756835938
2017-08-04,214.4979248046875
2017-08-07,214.89669799804688
2017-08-08,214.3678741455078
2017-08-09,214.35916137695312
2017-08-10,211.33343505859375
2017-08-11,211.6455841064453
2017-08-14,213.74363708496094
2017-08-15,213.71759033203125
2017-08-16,214.09042358398438
2017-08-17,210.7526092529297
2017-08-18,210.42311096191406
2017-08-21,210.5878448486328
2017-08-22,212.79000854492188
2017-08-23,212.0269775390625
2017-08-24,211.53285217285156
2017-08-25,212.0269775390625
2017-08-28,212.03565979003906
2017-08-29,212.27845764160156
2017-08-30,213.2841796875
2017-08-31,214.56729125976562
2017-09-01,214.8706512451172
2017-09-05,213.3274688720703
2017-09-06,214.05567932128906
2017-09-07,214.0297088623047
2017-09-08,213.77833557128906
2017-09-11,216.0584259033203
2017-09-12,216.7867431640625
2017-09-13,216.89071655273438
2017-09-14,216.82139587402344
2017-09-15,217.11325073242188
2017-09-18,217.5750732421875
2017-09-19,217.7928466796875
2017-09-20,217.8712615966797
2017-09-21,217.2875518798828
2017-09-22,217.33111572265625
2017-09-25,216.8867645263672
2017-09-26,217.01744079589844
2017-09-27,217.86257934570312
2017-09-28,218.1239013671875
2017-09-29,218.8907012939453
2017-10-02,219.84039306640625
2017-10-03,220.3108367919922
2017-10-04,220.572265625
2017-10-05,221.879150390625
2017-10-06,221.62646484375
2017-10-09,221.26052856445312
2017-10-10,221.8443145751953
2017-10-11,222.1928253173828
2017-10-12,221.8617401123047
2017-10-13,222.1318359375
2017-10-16,222.4280548095703
2017-10-17,222.58486938476562
2017-10-18,222.80274963378906
2017-10-19,222.8636932373047
2017-10-20,224.01377868652344
2017-10-23,223.14244079589844
2017-10-24,223.5345458984375
2017-10-25,222.4280548095703
2017-10-26,222.71560668945312
2017-10-27,224.53648376464844
2017-10-30,223.70013427734375
2017-10-31,224.0486297607422
2017-11-01,224.3448944091797
2017-11-02,224.43194580078125
2017-11-03,225.1813507080078
2017-11-06,225.52980041503906
2017-11-07,225.37301635742188
2017-11-08,225.75631713867188
2017-11-09,224.9373016357422
2017-11-10,224.86764526367188
2017-11-13,225.07672119140625
2017-11-14,224.55398559570312
2017-11-15,223.4300537109375
2017-11-16,225.32937622070312
2017-11-17,224.66722106933594
2017-11-20,225.05059814453125
2017-11-21,226.52301025390625
2017-11-22,226.3227081298828
2017-11-24,226.84536743164062
2017-11-27,226.732177734375
2017-11-28,229.03233337402344
2017-11-29,228.89291381835938
2017-11-30,230.89683532714844
2017-12-01,230.4176483154297
2017-12-04,230.13890075683594
2017-12-05,229.31112670898438
2017-12-06,229.3546905517578
2017-12-07,230.07785034179688
2017-12-08,231.33250427246094
2017-12-11,232.029541015625
2017-12-12,232.43907165527344
2017-12-13,232.4129180908203
2017-12-14,231.46319580078125
2017-12-15,233.39068603515625
2017-12-18,234.87059020996094
2017-12-19,233.9686737060547
2017-12-20,233.84603881835938
2017-12-21,234.3276824951172
2017-12-22,234.26638793945312
2017-12-26,233.98619079589844
2017-12-27,234.1000213623047
2017-12-28,234.58172607421875
2017-12-29,233.69711303710938
2018-01-02,235.36981201171875
2018-01-03,236.8585662841797
2018-01-04,237.85684204101562
2018-01-05,239.44192504882812
2018-01-08,239.8798828125
2018-01-09,240.4227752685547
2018-01-10,240.054931640625
2018-01-11,241.80645751953125
2018-01-12,243.38278198242188
2018-01-16,242.55079650878906
2018-01-17,244.8627471923828
2018-01-18,244.4511260986328
2018-01-19,245.5633087158203
2018-01-22,247.56005859375
2018-01-23,248.08544921875
2018-01-24,247.9890899658203
2018-01-25,248.09417724609375
2018-01-26,250.966552734375
2018-01-29,249.30262756347656
2018-01-30,246.74557495117188
2018-01-31,246.8681182861328
2018-02-01,246.58790588378906
2018-02-02,241.2196807861328
2018-02-05,231.1312255859375
2018-02-06,235.6851043701172
2018-02-07,234.4066162109375
2018-02-08,225.6141815185547
2018-02-09,229.0032958984375
2018-02-12,232.36602783203125
2018-02-13,232.94406127929688
2018-02-14,236.08792114257812
2018-02-15,239.10049438476562
2018-02-16,239.1704864501953
2018-02-20,237.67300415039062
2018-02-21,236.49069213867188
2018-02-22,236.79725646972656
2018-02-23,240.57168579101562
2018-02-26,243.36521911621094
2018-02-27,240.32650756835938
2018-02-28,237.89190673828125
2018-03-01,234.43280029296875
2018-03-02,235.64134216308594
2018-03-05,238.3648223876953
2018-03-06,238.96910095214844
2018-03-07,238.88153076171875
2018-03-08,240.03750610351562
2018-03-09,244.21463012695312
2018-03-12,243.908203125
2018-03-13,242.3319091796875
2018-03-14,241.08827209472656
2018-03-15,240.8256072998047
2018-03-16,241.0867156982422
2018-03-19,237.82479858398438
2018-03-20,238.22923278808594
2018-03-21,237.77197265625
2018-03-22,231.8284149169922
2018-03-23,226.8870391845703
2018-03-26,233.09449768066406
2018-03-27,229.12918090820312
2018-03-28,228.45211791992188
2018-03-29,231.37120056152344
2018-04-02,226.37710571289062
2018-04-03,229.2786102294922
2018-04-04,231.73162841796875
2018-04-05,233.56051635742188
2018-04-06,228.35540771484375
2018-04-09,229.4808807373047
2018-04-10,233.12962341308594
2018-04-11,231.90753173828125
2018-04-12,233.81544494628906
2018-04-13,233.12962341308594
2018-04-16,235.04640197753906
2018-04-17,237.56103515625
2018-04-18,237.73692321777344
2018-04-19,236.41796875
2018-04-20,234.41334533691406
2018-04-23,234.378173828125
2018-04-24,231.22177124023438
2018-04-25,231.79322814941406
2018-04-26,234.1495819091797
2018-04-27,234.369384765625
2018-04-30,232.5670166015625
2018-05-01,232.9802703857422
2018-05-02,231.41513061523438
2018-05-03,230.9051513671875
2018-05-04,233.89463806152344
2018-05-07,234.6858673095703
2018-05-08,234.6858673095703
2018-05-09,236.95433044433594
2018-05-10,239.16998291015625
2018-05-11,239.8998260498047
2018-05-14,240.01414489746094
2018-05-15,238.36109924316406
2018-05-16,239.36341857910156
2018-05-17,239.1612548828125
2018-05-18,238.56338500976562
2018-05-21,240.3569793701172
2018-05-22,239.68875122070312
2018-05-23,240.34815979003906
2018-05-24,239.8557891845703
2018-05-25,239.28427124023438
2018-05-29,236.5323028564453
2018-05-30,239.68875122070312
2018-05-31,238.22044372558594
2018-06-01,240.5592041015625
2018-06-04,241.70217895507812
2018-06-05,241.87806701660156
2018-06-06,243.9003143310547
2018-06-07,243.87399291992188
2018-06-08,244.59490966796875
2018-06-11,244.9202423095703
2018-06-12,245.23675537109375
2018-06-13,244.45420837402344
2018-06-14,245.0697021484375
2018-06-15,244.757080078125
2018-06-18,244.2535858154297
2018-06-19,243.3174285888672
2018-06-20,243.7325897216797
2018-06-21,242.2046661376953
2018-06-22,242.64627075195312
2018-06-25,239.3430938720703
2018-06-26,239.873046875
2018-06-27,237.88584899902344
2018-06-28,239.24595642089844
2018-06-29,239.5904541015625
2018-07-02,240.10267639160156
2018-07-03,239.2548370361328
2018-07-05,241.20663452148438
2018-07-06,243.2468719482422
2018-07-09,245.43710327148438
2018-07-10,246.32032775878906
2018-07-11,244.51853942871094
2018-07-12,246.73538208007812
2018-07-13,246.92967224121094
2018-07-16,246.70889282226562
2018-07-17,247.70689392089844
2018-07-18,248.2279815673828
2018-07-19,247.29180908203125
2018-07-20,247.00924682617188
2018-07-23,247.4684295654297
2018-07-24,248.71372985839844
2018-07-25,250.83338928222656
2018-07-26,250.24159240722656
2018-07-27,248.54591369628906
2018-07-30,247.24765014648438
2018-07-31,248.46632385253906
2018-08-01,248.05126953125
2018-08-02,249.40261840820312
2018-08-03,250.47137451171875
2018-08-06,251.3897705078125
2018-08-07,252.21994018554688
2018-08-08,252.11395263671875
2018-08-09,251.76954650878906
2018-08-10,250.0826416015625
2018-08-13,249.14657592773438
2018-08-14,250.7362823486328
2018-08-15,248.8638916015625
2018-08-16,250.8775177001953
2018-08-17,251.7606658935547
2018-08-20,252.29954528808594
2018-08-21,252.8911590576172
2018-08-22,252.74102783203125
2018-08-23,252.40541076660156
2018-08-24,253.92459106445312
2018-08-27,255.92938232421875
2018-08-28,256.0529479980469
2018-08-29,257.4307861328125
2018-08-30,256.3886413574219
2018-08-31,256.3974304199219
2018-09-04,255.95590209960938
2018-09-05,255.2669219970703
2018-09-06,254.4985809326172
2018-09-07,254.00405883789062
2018-09-10,254.44564819335938
2018-09-11,255.28463745117188
2018-09-12,255.34652709960938
2018-09-13,256.856689453125
2018-09-14,256.90087890625
2018-09-17,255.54075622558594
2018-09-18,256.9273376464844
2018-09-19,257.201171875
2018-09-20,259.2853698730469
2018-09-21,259.04852294921875
2018-09-24,258.18804931640625
2018-09-25,257.94842529296875
2018-09-26,257.1766052246094
2018-09-27,257.8952941894531
2018-09-28,257.9218444824219
2018-10-01,258.8179016113281
2018-10-02,258.6670837402344
2018-10-03,258.80902099609375
2018-10-04,256.7862854003906
2018-10-05,255.3489532470703
2018-10-08,255.3489532470703
2018-10-09,254.9763946533203
2018-10-10,246.90304565429688
2018-10-11,241.464599609375
2018-10-12,244.81820678710938
2018-10-15,243.44308471679688
2018-10-16,248.76612854003906
2018-10-17,248.81048583984375
2018-10-18,245.2174072265625
2018-10-19,245.08424377441406
2018-10-22,243.98422241210938
2018-10-23,242.7421417236328
2018-10-24,235.38739013671875
2018-10-25,239.61038208007812
2018-10-26,235.396240234375
2018-10-29,234.09210205078125
2018-10-30,237.56094360351562
2018-10-31,240.0983428955078
2018-11-01,242.6533966064453
2018-11-02,241.21620178222656
2018-11-05,242.54696655273438
2018-11-06,244.081787109375
2018-11-07,249.30731201171875
2018-11-08,248.85479736328125
2018-11-09,246.42398071289062
2018-11-12,241.81947326660156
2018-11-13,241.36703491210938
2018-11-14,239.71685791015625
2018-11-15,242.2187042236328
2018-11-16,242.84861755371094
2018-11-19,238.7409210205078
2018-11-20,234.32275390625
2018-11-21,235.1212615966797
2018-11-23,233.55088806152344
2018-11-26,237.32147216796875
2018-11-27,238.11990356445312
2018-11-28,243.6027069091797
2018-11-29,243.07041931152344
2018-11-30,244.55206298828125
2018-12-03,247.7902374267578
2018-12-04,239.76119995117188
2018-12-06,239.39744567871094
2018-12-07,233.83486938476562
2018-12-10,234.27842712402344
2018-12-11,234.33169555664062
2018-12-12,235.51161193847656
2018-12-13,235.4317169189453
2018-12-14,231.08457946777344
2018-12-17,226.55108642578125
2018-12-18,226.3026580810547
2018-12-19,222.91355895996094
2018-12-20,219.28500366210938
2018-12-21,214.7919464111328
2018-12-24,209.1165313720703
2018-12-26,219.68212890625
2018-12-27,221.3686981201172
2018-12-28,221.08316040039062
2018-12-31,223.0195770263672
2019-01-02,223.25155639648438
2019-01-03,217.92420959472656
2019-01-04,225.22369384765625
2019-01-07,226.99948120117188
2019-01-08,229.13226318359375
2019-01-09,230.20309448242188
2019-01-10,231.01516723632812
2019-01-11,231.10440063476562
2019-01-14,229.6944580078125
2019-01-15,232.32693481445312
2019-01-16,232.88916015625
2019-01-17,234.65599060058594
2019-01-18,237.7792205810547
2019-01-22,234.56675720214844
2019-01-23,235.05758666992188
2019-01-24,235.18255615234375
2019-01-25,237.1724853515625
2019-01-28,235.369873046875
2019-01-29,235.05758666992188
2019-01-30,238.77865600585938
2019-01-31,240.8757781982422
2019-02-01,240.99180603027344
2019-02-04,242.687255859375
2019-02-05,243.7045135498047
2019-02-06,243.3832550048828
2019-02-07,241.06320190429688
2019-02-08,241.3576202392578
2019-02-11,241.49148559570312
2019-02-12,244.5969696044922
2019-02-13,245.39112854003906
2019-02-14,244.84683227539062
2019-02-15,247.5149383544922
2019-02-19,247.9431915283203
2019-02-20,248.44297790527344
2019-02-21,247.55958557128906
2019-02-22,249.0943603515625
2019-02-25,249.43359375
2019-02-26,249.2550506591797
2019-02-27,249.14796447753906
2019-02-28,248.68392944335938
2019-03-01,250.23670959472656
2019-03-04,249.32643127441406
2019-03-05,248.9873809814453
2019-03-06,247.47930908203125
2019-03-07,245.4089813232422
2019-03-08,244.9180908203125
2019-03-11,248.4697265625
2019-03-12,249.40670776367188
2019-03-13,251.05763244628906
2019-03-14,250.89700317382812
2019-03-15,252.13661193847656
2019-03-18,253.0508270263672
2019-03-19,253.11355590820312
2019-03-20,252.35165405273438
2019-03-21,255.2019805908203
2019-03-22,250.2902374267578
2019-03-25,250.10195922851562
2019-03-26,251.9662628173828
2019-03-27,250.64874267578125
2019-03-28,251.59878540039062
2019-03-29,253.18521118164062
2019-04-01,256.1878356933594
2019-04-02,256.313232421875
2019-04-03,256.7167053222656
2019-04-04,257.39776611328125
2019-04-05,258.64361572265625
2019-04-08,258.8409423828125
2019-04-09,257.5143737792969
2019-04-10,258.39276123046875
2019-04-11,258.3210754394531
2019-04-12,260.06878662109375
2019-04-15,259.8985595703125
2019-04-16,260.06878662109375
2019-04-17,259.4324951171875
2019-04-18,259.943359375
2019-04-22,260.1673278808594
2019-04-23,262.5067138671875
2019-04-24,261.92413330078125
2019-04-25,261.76275634765625
2019-04-26,262.9817810058594
2019-04-29,263.3940734863281
2019-04-30,263.5284423828125
2019-05-01,261.5476989746094
2019-05-02,260.98297119140625
2019-05-03,263.5375061035156
2019-05-06,262.4530029296875
2019-05-07,258.07000732421875
2019-05-08,257.7115173339844
2019-05-09,256.93170166015625
2019-05-10,258.22247314453125
2019-05-13,251.73324584960938
2019-05-14,254.00982666015625
2019-05-15,255.49761962890625
2019-05-16,257.8639221191406
2019-05-17,256.19677734375
2019-05-20,254.50271606445312
2019-05-21,256.7972717285156
2019-05-22,256.0086364746094
2019-05-23,252.88047790527344
2019-05-24,253.4541473388672
2019-05-28,251.0968780517578
2019-05-29,249.41183471679688
2019-05-30,250.09303283691406
2019-05-31,246.72293090820312
2019-06-03,246.09559631347656
2019-06-04,251.4375
2019-06-05,253.61550903320312
2019-06-06,255.26461791992188
2019-06-07,257.81915283203125
2019-06-10,259.00213623046875
2019-06-11,258.9395446777344
2019-06-12,258.4823303222656
2019-06-13,259.5489807128906
2019-06-14,259.2621154785156
2019-06-17,259.3606262207031
2019-06-18,262.0764465332031
2019-06-19,262.6679992675781
2019-06-20,265.177734375
2019-06-21,264.7922058105469
2019-06-24,264.4679260253906
2019-06-25,261.8741149902344
2019-06-26,261.6129150390625
2019-06-27,262.5406188964844
2019-06-28,263.8915710449219
2019-07-01,266.2873229980469
2019-07-02,266.9807434082031
2019-07-03,269.1153564453125
2019-07-05,268.8091125488281
2019-07-08,267.33209228515625
2019-07-09,267.6653137207031
2019-07-10,268.9441223144531
2019-07-11,269.5746765136719
2019-07-12,270.7815856933594
2019-07-15,270.8717041015625
2019-07-16,269.9978942871094
2019-07-17,268.16070556640625
2019-07-18,269.1422424316406
2019-07-19,267.64727783203125
2019-07-22,268.3047180175781
2019-07-23,270.2231140136719
2019-07-24,271.4930419921875
2019-07-25,270.1961364746094
2019-07-26,272.0064697265625
2019-07-29,271.51104736328125
2019-07-30,270.8446044921875
2019-07-31,267.8814392089844
2019-08-01,265.5487060546875
2019-08-02,263.5492248535156
2019-08-05,255.62359619140625
2019-08-06,259.2080993652344
2019-08-07,259.36126708984375
2019-08-08,264.4499816894531
2019-08-09,262.648681640625
2019-08-12,259.4513244628906
2019-08-13,263.4862365722656
2019-08-14,255.695556640625
2019-08-15,256.37109375
2019-08-16,260.15380859375
2019-08-19,263.28802490234375
2019-08-20,261.27056884765625
2019-08-21,263.39617919921875
2019-08-22,263.3150939941406
2019-08-23,256.55120849609375
2019-08-26,259.38824462890625
2019-08-27,258.37054443359375
2019-08-28,260.1898193359375
2019-08-29,263.5132751464844
2019-08-30,263.39617919921875
2019-09-03,261.8560791015625
2019-09-04,264.8282165527344
2019-09-05,268.23272705078125
2019-09-06,268.43988037109375
2019-09-09,268.5749206542969
2019-09-10,268.5118408203125
2019-09-11,270.42132568359375
2019-09-12,271.35797119140625
2019-09-13,271.1778259277344
2019-09-16,270.3402404785156
2019-09-17,271.0246887207031
2019-09-18,271.1868591308594
2019-09-19,271.1687927246094
2019-09-20,269.8875732421875
2019-09-23,269.82427978515625
2019-09-24,267.70709228515625
2019-09-25,269.2904968261719
2019-09-26,268.7294616699219
2019-09-27,267.2817077636719
2019-09-30,268.5212707519531
2019-10-01,265.32733154296875
2019-10-02,260.6403503417969
2019-10-03,262.7757263183594
2019-10-04,266.3317565917969
2019-10-07,265.18255615234375
2019-10-08,261.065673828125
2019-10-09,263.54486083984375
2019-10-10,265.32733154296875
2019-10-11,268.0779724121094
2019-10-14,267.7793273925781
2019-10-15,270.4305419921875
2019-10-16,269.9961853027344
2019-10-17,270.79241943359375
2019-10-18,269.6070861816406
2019-10-21,271.43475341796875
2019-10-22,270.5481262207031
2019-10-23,271.3352966308594
2019-10-24,271.77862548828125
2019-10-25,272.89166259765625
2019-10-28,274.42974853515625
2019-10-29,274.34832763671875
2019-10-30,275.1897888183594
2019-10-31,274.4569091796875
2019-11-01,276.9993591308594
2019-11-04,278.1123046875
2019-11-05,277.8047180175781
2019-11-06,277.8681335449219
2019-11-07,278.8452453613281
2019-11-08,279.5329284667969
2019-11-11,278.99908447265625
2019-11-12,279.5871887207031
2019-11-13,279.677734375
2019-11-14,280.0848388671875
2019-11-15,282.11163330078125
2019-11-18,282.3196716308594
2019-11-19,282.2383117675781
2019-11-20,281.188720703125
2019-11-21,280.7363586425781
2019-11-22,281.36065673828125
2019-11-25,283.541259765625
2019-11-26,284.18359375
2019-11-27,285.4504089355469
2019-11-29,284.3917236328125
2019-12-02,281.9759216308594
2019-12-03,280.0848388671875
2019-12-04,281.81304931640625
2019-12-05,282.3196716308594
2019-12-06,284.8984069824219
2019-12-09,284.0028076171875
2019-12-10,283.68603515625
2019-12-11,284.4912414550781
2019-12-12,286.94342041015625
2019-12-13,287.1152038574219
2019-12-16,289.0877380371094
2019-12-17,289.1510314941406
2019-12-18,289.169189453125
2019-12-19,290.3544921875
2019-12-20,291.6274719238281
2019-12-23,292.0729064941406
2019-12-24,292.0820007324219
2019-12-26,293.6368713378906
2019-12-27,293.5641784667969
2019-12-30,291.94573974609375
2019-12-31,292.6548767089844
2020-01-02,295.391845703125
2020-01-03,293.15496826171875
2020-01-06,294.2732849121094
2020-01-07,293.4459533691406
2020-01-08,295.0099182128906
2020-01-09,297.0102844238281
2020-01-10,296.1554870605469
2020-01-13,298.1924133300781
2020-01-14,297.73773193359375
2020-01-15,298.4105224609375
2020-01-16,300.8928527832031
2020-01-17,301.829345703125
2020-01-21,301.2383117675781
2020-01-22,301.2746276855469
2020-01-23,301.6202392578125
2020-01-24,298.9378662109375
2020-01-27,294.14605712890625
2020-01-28,297.2285461425781
2020-01-29,296.9830017089844
2020-01-30,297.9468078613281
2020-01-31,292.5366516113281
2020-02-03,294.70989990234375
2020-02-04,299.2015380859375
2020-02-05,302.65679931640625
2020-02-06,303.67523193359375
2020-02-07,302.0566711425781
2020-02-10,304.3116455078125
2020-02-11,304.8389892578125
2020-02-12,306.8030090332031
2020-02-13,306.4756774902344
2020-02-14,306.96661376953125
2020-02-18,306.17559814453125
2020-02-19,307.6396179199219
2020-02-20,306.37567138671875
2020-02-21,303.22052001953125
2020-02-24,293.1640625
2020-02-25,284.2806091308594
2020-02-26,283.2350158691406
2020-02-27,270.514404296875
2020-02-28,269.3777770996094
2020-03-02,281.04364013671875
2020-03-03,272.9966735839844
2020-03-04,284.47161865234375
2020-03-05,275.0152587890625
2020-03-06,270.46893310546875
2020-03-09,249.34683227539062
2020-03-10,262.2492370605469
2020-03-11,249.4649658203125
2020-03-12,225.59686279296875
2020-03-13,244.88232421875
2020-03-16,218.08631896972656
2020-03-17,229.86131286621094
2020-03-18,218.22279357910156
2020-03-19,218.68646240234375
2020-03-20,209.26235961914062
2020-03-23,203.91188049316406
2020-03-24,222.38697814941406
2020-03-25,225.7161865234375
2020-03-26,238.89569091796875
2020-03-27,231.780029296875
2020-03-30,239.30723571777344
2020-03-31,235.740234375
2020-04-01,225.13076782226562
2020-04-02,230.3257598876953
2020-04-03,226.99656677246094
2020-04-06,242.24313354492188
2020-04-07,242.49009704589844
2020-04-08,250.63006591796875
2020-04-09,254.44400024414062
2020-04-13,252.12094116210938
2020-04-14,259.556640625
2020-04-15,254.04156494140625
2020-04-16,255.26710510253906
2020-04-17,262.1632995605469
2020-04-20,257.5445556640625
2020-04-21,249.72462463378906
2020-04-22,255.26710510253906
2020-04-23,255.24879455566406
2020-04-24,258.8066101074219
2020-04-27,262.5382995605469
2020-04-28,261.33111572265625
2020-04-29,268.1722412109375
2020-04-30,265.6753845214844
2020-05-01,258.64208984375
2020-05-04,259.35540771484375
2020-05-05,261.7516784667969
2020-05-06,259.97735595703125
2020-05-07,263.1145324707031
2020-05-08,267.4679870605469
2020-05-11,267.52294921875
2020-05-12,262.1907653808594
2020-05-13,257.55377197265625
2020-05-14,260.63592529296875
2020-05-15,261.83404541015625
2020-05-18,269.8094482421875
2020-05-19,267.03814697265625
2020-05-20,271.5745544433594
2020-05-21,269.69964599609375
2020-05-22,270.2119445800781
2020-05-26,273.54107666015625
2020-05-27,277.6111145019531
2020-05-28,277.0989074707031
2020-05-29,278.3335876464844
2020-06-01,279.45849609375
2020-06-02,281.77252197265625
2020-06-03,285.5223083496094
2020-06-04,284.77239990234375
2020-06-05,292.0710144042969
2020-06-08,295.60137939453125
2020-06-09,293.397216796875
2020-06-10,291.76007080078125
2020-06-11,274.9403381347656
2020-06-12,278.2330017089844
2020-06-15,280.8304748535156
2020-06-16,286.23577880859375
2020-06-17,285.0467834472656
2020-06-18,285.1565246582031
2020-06-19,283.5268859863281
2020-06-22,285.3457336425781
2020-06-23,286.65948486328125
2020-06-24,279.3471374511719
2020-06-25,282.3418273925781
2020-06-26,275.6358642578125
2020-06-29,279.6870422363281
2020-06-30,283.2696533203125
2020-07-01,285.2539367675781
2020-07-02,286.8247375488281
2020-07-06,291.2525329589844
2020-07-07,288.2486267089844
2020-07-08,290.4533996582031
2020-07-09,288.79998779296875
2020-07-10,291.74859619140625
2020-07-13,289.222412109375
2020-07-14,292.9704284667969
2020-07-15,295.66192626953125
2020-07-16,294.6882629394531
2020-07-17,295.5426025390625
2020-07-20,297.9310302734375
2020-07-21,298.56488037109375
2020-07-22,300.2643737792969
2020-07-23,296.6817321777344
2020-07-24,294.77099609375
2020-07-27,296.9206237792969
2020-07-28,295.0372619628906
2020-07-29,298.6659851074219
2020-07-30,297.6003723144531
2020-07-31,299.9519958496094
2020-08-03,302.0373229980469
2020-08-04,303.20404052734375
2020-08-05,305.087158203125
2020-08-06,307.1265563964844
2020-08-07,307.3470153808594
2020-08-10,308.2656555175781
2020-08-11,305.7210388183594
2020-08-12,309.9835510253906
2020-08-13,309.423095703125
2020-08-14,309.43231201171875
2020-08-17,310.415283203125
2020-08-18,311.0859069824219
2020-08-19,309.79058837890625
2020-08-20,310.75518798828125
2020-08-21,311.8575439453125
2020-08-24,315.0176696777344
2020-08-25,316.1199645996094
2020-08-26,319.28924560546875
2020-08-27,319.9874572753906
2020-08-28,322.0543518066406
2020-08-31,320.88775634765625
2020-09-01,323.9099426269531
2020-09-02,328.59503173828125
2020-09-03,317.2867126464844
2020-09-04,314.6960754394531
2020-09-08,306.0976257324219
2020-09-09,312.142333984375
2020-09-10,306.7223815917969
2020-09-11,306.8785705566406
2020-09-14,310.9204406738281
2020-09-15,312.4913635253906
2020-09-16,311.2512512207031
2020-09-17,308.5137939453125
2020-09-18,304.9618835449219
2020-09-21,301.5678405761719
2020-09-22,304.6390686035156
2020-09-23,297.5741271972656
2020-09-24,298.3673400878906
2020-09-25,303.1910705566406
2020-09-28,308.22686767578125
2020-09-29,306.5482482910156
2020-09-30,308.87249755859375
2020-10-01,310.85546875
2020-10-02,307.904052734375
2020-10-05,313.3642578125
2020-10-06,308.90936279296875
2020-10-07,314.2864685058594
2020-10-08,317.0718688964844
2020-10-09,319.9034118652344
2020-10-12,325.0497741699219
2020-10-13,322.92852783203125
2020-10-14,320.89935302734375
2020-10-15,320.50286865234375
2020-10-16,320.3091735839844
2020-10-19,315.43939208984375
2020-10-20,316.702880859375
2020-10-21,316.1033630371094
2020-10-22,317.8372802734375
2020-10-23,318.9164123535156
2020-10-26,313.0228576660156
2020-10-27,311.9438171386719
2020-10-28,301.2818298339844
2020-10-29,304.3438415527344
2020-10-30,301.1712341308594
2020-11-02,304.5469055175781
2020-11-03,309.92388916015625
2020-11-04,316.8504333496094
2020-11-05,323.02996826171875
2020-11-06,322.9562072753906
2020-11-09,327.01434326171875
2020-11-10,326.5346374511719
2020-11-11,328.9604187011719
2020-11-12,325.76922607421875
2020-11-13,330.27935791015625
2020-11-16,334.4020690917969
2020-11-17,332.6035461425781
2020-11-18,328.6007080078125
2020-11-19,329.984130859375
2020-11-20,327.72454833984375
2020-11-23,329.6889953613281
2020-11-24,335.0016174316406
2020-11-25,334.48504638671875
2020-11-27,335.4165954589844
2020-11-30,333.931640625
2020-12-01,337.583984375
2020-12-02,338.29412841796875
2020-12-03,338.201904296875
2020-12-04,341.116455078125
2020-12-07,340.4154357910156
2020-12-08,341.41156005859375
2020-12-09,338.3494873046875
2020-12-10,338.2388610839844
2020-12-11,337.8422546386719
2020-12-14,336.32965087890625
2020-12-15,340.8766784667969
2020-12-16,341.41156005859375
2020-12-17,343.3207092285156
2020-12-18,341.94989013671875
2020-12-21,340.72735595703125
2020-12-22,340.15301513671875
2020-12-23,340.4587097167969
2020-12-24,341.7832336425781
2020-12-28,344.7193908691406
2020-12-29,344.0617370605469
2020-12-30,344.5526428222656
2020-12-31,346.30322265625
2021-01-04,341.5887145996094
2021-01-05,343.9413146972656
2021-01-06,345.99755859375
2021-01-07,351.1383056640625
2021-01-08,353.1389465332031
2021-01-11,350.7584533691406
2021-01-12,350.8325500488281
2021-01-13,351.77740478515625
2021-01-14,350.5454406738281
2021-01-15,347.9890441894531
2021-01-19,350.7214660644531
2021-01-20,355.5749206542969
2021-01-21,355.89910888671875
2021-01-22,354.63946533203125
2021-01-25,356.0380554199219
2021-01-26,355.4823303222656
2021-01-27,346.7941589355469
2021-01-28,349.7767333984375
2021-01-29,342.77423095703125
2021-02-01,348.47998046875
2021-02-02,353.4075012207031
2021-02-03,353.6853942871094
2021-02-04,357.7052917480469
2021-02-05,359.1131896972656
2021-02-08,361.7066955566406
2021-02-09,361.4658508300781
2021-02-10,361.3083801269531
2021-02-11,361.8918762207031
2021-02-12,363.6795959472656
2021-02-16,363.3646545410156
2021-02-17,363.44805908203125
2021-02-18,361.9012145996094
2021-02-19,361.2620849609375
2021-02-22,358.48333740234375
2021-02-23,358.9186706542969
2021-02-24,362.8736877441406
2021-02-25,354.1300048828125
2021-02-26,352.3052673339844
2021-03-01,360.8452453613281
2021-03-02,358.0295104980469
2021-03-03,353.28717041015625
2021-03-04,348.9151916503906
2021-03-05,355.3341369628906
2021-03-08,353.56500244140625
2021-03-09,358.6130065917969
2021-03-10,360.8452453613281
2021-03-11,364.50396728515625
2021-03-12,364.9947814941406
2021-03-15,367.1715087890625
2021-03-16,366.7083435058594
2021-03-17,367.9588623046875
2021-03-18,362.6051025390625
2021-03-19,361.93414306640625
2021-03-22,364.82427978515625
2021-03-23,361.9527893066406
2021-03-24,360.1127624511719
2021-03-25,362.13861083984375
2021-03-26,367.97454833984375
2021-03-29,367.78857421875
2021-03-30,366.8128662109375
2021-03-31,368.29974365234375
2021-04-01,372.2769775390625
2021-04-05,377.62042236328125
2021-04-06,377.3973388671875
2021-04-07,377.8340759277344
2021-04-08,379.6276550292969
2021-04-09,382.3875427246094
2021-04-12,382.5269775390625
2021-04-13,383.6606140136719
2021-04-14,382.3503112792969
2021-04-15,386.4577331542969
2021-04-16,387.7494812011719
2021-04-19,385.84442138671875
2021-04-20,383.0193786621094
2021-04-21,386.6436767578125
2021-04-22,383.1123962402344
2021-04-23,387.2662048339844
2021-04-26,388.07464599609375
2021-04-27,387.9910583496094
2021-04-28,387.8794860839844
2021-04-29,390.35137939453125
2021-04-30,387.7866516113281
2021-05-03,388.6230163574219
2021-05-04,386.2253723144531
2021-05-05,386.34625244140625
2021-05-06,389.4314880371094
2021-05-07,392.265625
2021-05-10,388.38140869140625
2021-05-11,384.9151611328125
2021-05-12,376.73748779296875
2021-05-13,381.2630920410156
2021-05-14,387.11749267578125
2021-05-17,386.1324768066406
2021-05-18,382.8057861328125
2021-05-19,381.8020935058594
2021-05-20,385.9095153808594
2021-05-21,385.5935363769531
2021-05-24,389.5244445800781
2021-05-25,388.6601867675781
2021-05-26,389.4314880371094
2021-05-27,389.6358642578125
2021-05-28,390.3329162597656
2021-06-01,389.9890441894531
2021-06-02,390.6023254394531
2021-06-03,389.15264892578125
2021-06-04,392.7117919921875
2021-06-07,392.3307800292969
2021-06-08,392.4145202636719
2021-06-09,391.8290100097656
2021-06-10,393.6502990722656
2021-06-11,394.3008728027344
2021-06-14,395.1836242675781
2021-06-15,394.45880126953125
2021-06-16,392.2563781738281
2021-06-17,392.1263427734375
2021-06-18,386.83642578125
2021-06-21,392.3742980957031
2021-06-22,394.47198486328125
2021-06-23,393.99652099609375
2021-06-24,396.327392578125
2021-06-25,397.7351379394531
2021-06-28,398.5369873046875
2021-06-29,398.7513122558594
2021-06-30,399.0870666503906
2021-07-01,401.296630859375
2021-07-02,404.3639831542969
2021-07-06,403.6273498535156
2021-07-07,405.0538635253906
2021-07-08,401.7534484863281
2021-07-09,406.0420837402344
2021-07-12,407.49652099609375
2021-07-13,406.1073303222656
2021-07-14,406.7133483886719
2021-07-15,405.3242492675781
2021-07-16,402.14501953125
2021-07-19,396.20611572265625
2021-07-20,401.8839416503906
2021-07-21,405.13775634765625
2021-07-22,405.98614501953125
2021-07-23,410.1629333496094
2021-07-26,411.1697998046875
2021-07-27,409.2958984375
2021-07-28,409.12799072265625
2021-07-29,410.8249206542969
2021-07-30,408.8297119140625
2021-08-02,407.97198486328125
2021-08-03,411.29107666015625
2021-08-04,409.2679138183594
2021-08-05,411.8597717285156
2021-08-06,412.5404052734375
2021-08-09,412.2047119140625
2021-08-10,412.7174987792969
2021-08-11,413.7430114746094
2021-08-12,414.9830017089844
2021-08-13,415.7381896972656
2021-08-16,416.7171325683594
2021-08-17,413.9854431152344
2021-08-18,409.454345703125
2021-08-19,410.0883483886719
2021-08-20,413.3514404296875
2021-08-23,416.98748779296875
2021-08-24,417.64947509765625
2021-08-25,418.52581787109375
2021-08-26,416.05517578125
2021-08-27,419.7751770019531
2021-08-30,421.6210021972656
2021-08-31,420.9964904785156
2021-09-01,421.2202453613281
2021-09-02,422.5160827636719
2021-09-03,422.41351318359375
2021-09-07,420.9032897949219
2021-09-08,420.39031982421875
2021-09-09,418.5910949707031
2021-09-10,415.2906494140625
2021-09-13,416.3534851074219
2021-09-14,414.1066589355469
2021-09-15,417.5655822753906
2021-09-16,416.9035339355469
2021-09-17,412.842529296875
2021-09-20,405.9587097167969
2021-09-21,405.5751953125
2021-09-22,409.5315246582031
2021-09-23,414.5074157714844
2021-09-24,415.1900939941406
2021-09-27,414.0023193359375
2021-09-28,405.659423828125
2021-09-29,406.34210205078125
2021-09-30,401.3757629394531
2021-10-01,406.1457214355469
2021-10-04,400.9080810546875
2021-10-05,405.0794677734375
2021-10-06,406.76300048828125
2021-10-07,410.27984619140625
2021-10-08,409.5315246582031
2021-10-11,406.5666198730469
2021-10-12,405.5658264160156
2021-10-13,407.02490234375
2021-10-14,413.87127685546875
2021-10-15,417.02325439453125
2021-10-18,418.2579345703125
2021-10-19,421.4847717285156
2021-10-20,423.1401672363281
2021-10-21,424.24383544921875
2021-10-22,423.80426025390625
2021-10-25,426.0770263671875
2021-10-26,426.4604797363281
2021-10-27,424.57122802734375
2021-10-28,428.6678771972656
2021-10-29,429.53765869140625
2021-11-01,430.2765808105469
2021-11-02,432.0161437988281
2021-11-03,434.6536560058594
2021-11-04,436.70208740234375
2021-11-05,438.21722412109375
2021-11-08,438.59130859375
2021-11-09,437.1416320800781
2021-11-10,433.6248779296875
2021-11-11,433.7652587890625
2021-11-12,437.0387268066406
2021-11-15,437.1883850097656
2021-11-16,438.918701171875
2021-11-17,437.8524475097656
2021-11-18,439.339599609375
2021-11-19,438.5539245605469
2021-11-22,437.3193359375
2021-11-23,437.8992614746094
2021-11-24,439.0684509277344
2021-11-26,429.2757263183594
2021-11-29,434.5415344238281
2021-11-30,426.0863037109375
2021-12-01,421.3536376953125
2021-12-02,427.80731201171875
2021-12-03,424.0848693847656
2021-12-06,429.1074523925781
2021-12-07,437.9833679199219
2021-12-08,439.1431579589844
2021-12-09,436.1783142089844
2021-12-10,440.28424072265625
2021-12-13,436.384033203125
2021-12-14,433.3817138671875
2021-12-15,440.1533508300781
2021-12-16,436.27178955078125
2021-12-17,431.6286315917969
2021-12-20,427.0389404296875
2021-12-21,434.6227722167969
2021-12-22,438.9684143066406
2021-12-23,441.69964599609375
2021-12-27,447.9506530761719
2021-12-28,447.5846252441406
2021-12-29,448.1571960449219
2021-12-30,446.9182434082031
2021-12-31,445.79193115234375
2022-01-03,448.3730163574219
2022-01-04,448.22283935546875
2022-01-05,439.61602783203125
2022-01-06,439.2030334472656
2022-01-07,437.4666748046875
2022-01-10,436.9222717285156
2022-01-11,440.9018859863281
2022-01-12,442.0938415527344
2022-01-13,436.0024719238281
2022-01-14,436.18072509765625
2022-01-18,428.4562072753906
2022-01-19,424.0072937011719
2022-01-20,419.3144226074219
2022-01-21,411.0830078125
2022-01-24,412.8287353515625
2022-01-25,407.7884826660156
2022-01-26,406.76544189453125
2022-01-27,404.7568359375
2022-01-28,414.80914306640625
2022-01-31,422.2803039550781
2022-02-01,425.1336669921875
2022-02-02,429.2634582519531
2022-02-03,419.1736755371094
2022-02-04,421.1446533203125
2022-02-07,419.79302978515625
2022-02-08,423.24700927734375
2022-02-09,429.4416809082031
2022-02-10,421.72650146484375
2022-02-11,413.4106750488281
2022-02-14,412.05908203125
2022-02-15,418.70428466796875
2022-02-16,419.1736755371094
2022-02-17,410.2193908691406
2022-02-18,407.563232421875
2022-02-22,403.18939208984375
2022-02-23,396.03741455078125
2022-02-24,401.9973449707031
2022-02-25,410.8670654296875
2022-02-28,409.8157653808594
2022-03-01,403.57427978515625
2022-03-02,410.9985046386719
2022-03-03,408.9523010253906
2022-03-04,405.6297912597656
2022-03-07,393.6722106933594
2022-03-08,390.6874084472656
2022-03-09,401.1620788574219
2022-03-10,399.3505554199219
2022-03-11,394.2729187011719
2022-03-14,391.391357421875
2022-03-15,399.99822998046875
2022-03-16,408.8678283691406
2022-03-17,413.9832458496094
2022-03-18,418.5174255371094
2022-03-21,418.39508056640625
2022-03-22,423.2908935546875
2022-03-23,417.83953857421875
2022-03-24,424.1382141113281
2022-03-25,426.2095947265625
2022-03-28,429.24127197265625
2022-03-29,434.55126953125
2022-03-30,431.8680114746094
2022-03-31,425.2209167480469
2022-04-01,426.4261779785156
2022-04-04,430.0790710449219
2022-04-05,424.6465759277344
2022-04-06,420.4004211425781
2022-04-07,422.5188293457031
2022-04-08,421.38909912109375
2022-04-11,414.1864929199219
2022-04-12,412.6518859863281
2022-04-13,417.3782653808594
2022-04-14,412.18115234375
2022-04-18,412.3506164550781
2022-04-19,419.0069885253906
2022-04-20,418.6963195800781
2022-04-21,412.4353332519531
2022-04-22,401.1184387207031
2022-04-25,403.4440002441406
2022-04-26,391.7598571777344
2022-04-27,392.8614501953125
2022-04-28,402.7849426269531
2022-04-29,387.8998107910156
2022-05-02,390.2346496582031
2022-05-03,392.0235900878906
2022-05-04,403.9617614746094
2022-05-05,389.6039123535156
2022-05-06,387.2783508300781
2022-05-09,374.8787536621094
2022-05-10,375.7449645996094
2022-05-11,369.77581787109375
2022-05-12,369.3897399902344
2022-05-13,378.2210998535156
2022-05-16,376.68646240234375
2022-05-17,384.4350280761719
2022-05-18,368.9378967285156
2022-05-19,366.6782531738281
2022-05-20,366.8382873535156
2022-05-23,373.7018737792969
2022-05-24,370.8490905761719
2022-05-25,374.12548828125
2022-05-26,381.60107421875
2022-05-27,390.96905517578125
2022-05-31,388.77532958984375
2022-06-01,385.6307067871094
2022-06-02,392.9744873046875
2022-06-03,386.525146484375
2022-06-06,387.70196533203125
2022-06-07,391.4209289550781
2022-06-08,387.16534423828125
2022-06-09,377.9574279785156
2022-06-10,366.99835205078125
2022-06-13,353.0640563964844
2022-06-14,352.0002136230469
2022-06-15,357.0184020996094
2022-06-16,345.2025451660156
2022-06-17,345.9466857910156
2022-06-21,354.6553649902344
2022-06-22,354.0124206542969
2022-06-23,357.482666015625
2022-06-24,368.8483581542969
2022-06-27,367.4395751953125
2022-06-28,359.9317626953125
2022-06-29,359.6385803222656
2022-06-30,356.716796875
2022-07-01,360.4895935058594
2022-07-05,361.17041015625
2022-07-06,362.3902282714844
2022-07-07,367.8177490234375
2022-07-08,367.51513671875
2022-07-11,363.3168640136719
2022-07-12,360.10186767578125
2022-07-13,358.21075439453125
2022-07-14,357.3408203125
2022-07-15,364.1678771972656
2022-07-18,361.1610107421875
2022-07-19,370.919189453125
2022-07-20,373.2831115722656
2022-07-21,377.0843811035156
2022-07-22,373.5857849121094
2022-07-25,374.0396728515625
2022-07-26,369.6142883300781
2022-07-27,379.21185302734375
2022-07-28,383.9681091308594
2022-07-29,389.56591796875
2022-08-01,388.4122619628906
2022-08-02,385.84979248046875
2022-08-03,391.89202880859375
2022-08-04,391.62725830078125
2022-08-05,390.96533203125
2022-08-08,390.511474609375
2022-08-09,388.9607238769531
2022-08-10,397.13043212890625
2022-08-11,397.13043212890625
2022-08-12,403.85345458984375
2022-08-15,405.5177001953125
2022-08-16,406.3120422363281
2022-08-17,403.4280090332031
2022-08-18,404.6004943847656
2022-08-19,399.1634521484375
2022-08-22,390.8519592285156
2022-08-23,389.90631103515625
2022-08-24,391.1545104980469
2022-08-25,396.6766052246094
2022-08-26,383.24951171875
2022-08-29,380.7153625488281
2022-08-30,376.53582763671875
2022-08-31,373.6708068847656
2022-09-01,374.8434143066406
2022-09-02,370.890869140625
2022-09-06,369.4913330078125
2022-09-07,376.1293029785156
2022-09-08,378.58782958984375
2022-09-09,384.4693298339844
2022-09-12,388.6014404296875
2022-09-13,371.7041015625
2022-09-14,373.1224670410156
2022-09-15,368.8861999511719
2022-09-16,366.072021484375
2022-09-19,368.91094970703125
2022-09-20,364.6763000488281
2022-09-21,358.3149719238281
2022-09-22,355.30517578125
2022-09-23,349.35211181640625
2022-09-26,345.8961486816406
2022-09-27,345.0130920410156
2022-09-28,351.80181884765625
2022-09-29,344.4529113769531
2022-09-30,339.12652587890625
2022-10-03,348.079833984375
2022-10-04,358.8656921386719
2022-10-05,358.0301818847656
2022-10-06,354.3368225097656
2022-10-07,344.4529113769531
2022-10-10,341.82293701171875
2022-10-11,339.65814208984375
2022-10-12,338.537841796875
2022-10-13,347.47222900390625
2022-10-14,339.5538024902344
2022-10-17,348.279296875
2022-10-18,352.3714904785156
2022-10-19,349.8743896484375
2022-10-20,346.94049072265625
2022-10-21,355.3717346191406
2022-10-24,359.72021484375
2022-10-25,365.4643859863281
2022-10-26,362.7109680175781
2022-10-27,360.7740783691406
2022-10-28,369.3572082519531
2022-10-31,366.689208984375
2022-11-01,365.08465576171875
2022-11-02,355.9223937988281
2022-11-03,352.2574768066406
2022-11-04,357.32757568359375
2022-11-07,360.7456359863281
2022-11-08,362.6920166015625
2022-11-09,355.2198181152344
2022-11-10,374.7405700683594
2022-11-11,378.3675842285156
2022-11-14,375.1488342285156
2022-11-15,378.3486022949219
2022-11-16,375.4621887207031
2022-11-17,374.3133239746094
2022-11-18,376.0129089355469
2022-11-21,374.6456298828125
2022-11-22,379.687255859375
2022-11-23,382.0798645019531
2022-11-25,381.994384765625
2022-11-28,375.89886474609375
2022-11-29,375.2532958984375
2022-11-30,387.0740966796875
2022-12-01,386.7891540527344
2022-12-02,386.3429870605469
2022-12-05,379.3929748535156
2022-12-06,373.92401123046875
2022-12-07,373.28790283203125
2022-12-08,376.21221923828125
2022-12-09,373.4019470214844
2022-12-12,378.7852478027344
2022-12-13,381.6526184082031
2022-12-14,379.2124938964844
2022-12-15,369.93634033203125
2022-12-16,365.5688171386719
2022-12-19,362.4688415527344
2022-12-20,362.9649353027344
2022-12-21,368.39208984375
2022-12-22,363.1365966796875
2022-12-23,365.2254638671875
2022-12-27,363.7851867675781
2022-12-28,359.26409912109375
2022-12-29,365.7309875488281
2022-12-30,364.7676086425781
2023-01-03,363.2320251464844
2023-01-04,366.0362243652344
2023-01-05,361.8585510253906
2023-01-06,370.1566467285156
2023-01-09,369.9468688964844
2023-01-10,372.54119873046875
2023-01-11,377.2530822753906
2023-01-12,378.6265869140625
2023-01-13,380.095458984375
2023-01-17,379.3991394042969
2023-01-18,373.4091796875
2023-01-19,370.6908264160156
2023-01-20,377.5964660644531
2023-01-23,382.1271057128906
2023-01-24,381.71697998046875
2023-01-25,381.8599853515625
2023-01-26,386.0567626953125
2023-01-27,386.9437561035156
2023-01-30,382.0888977050781
2023-01-31,387.7068176269531
2023-02-01,391.82733154296875
2023-02-02,397.5311584472656
2023-02-03,393.3057861328125
2023-02-06,390.9021301269531
2023-02-07,396.0146484375
2023-02-08,391.684326171875
2023-02-09,388.2887268066406
2023-02-10,389.19488525390625
2023-02-13,393.76361083984375
2023-02-14,393.5823974609375
2023-02-15,394.86053466796875
2023-02-16,389.42376708984375
2023-02-17,388.45086669921875
2023-02-21,380.6582336425781
2023-02-22,380.1335754394531
2023-02-23,382.1556701660156
2023-02-24,378.0733642578125
2023-02-27,379.3609924316406
2023-02-28,377.9588928222656
2023-03-01,376.5090026855469
2023-03-02,379.43731689453125
2023-03-03,385.52264404296875
2023-03-06,385.78973388671875
2023-03-07,379.87603759765625
2023-03-08,380.4960632324219
2023-03-09,373.4759521484375
2023-03-10,368.0869140625
2023-03-13,367.56231689453125
2023-03-14,373.6380920410156
2023-03-15,371.30126953125
2023-03-16,377.8157653808594
2023-03-17,373.39813232421875
2023-03-20,376.98858642578125
2023-03-21,381.9386291503906
2023-03-22,375.4278564453125
2023-03-23,376.4428405761719
2023-03-24,378.9130554199219
2023-03-27,379.62158203125
2023-03-28,378.7694396972656
2023-03-29,384.2748718261719
2023-03-30,386.52490234375
2023-03-31,391.9727783203125
2023-04-03,393.4664306640625
2023-04-04,391.283447265625
2023-04-05,390.2589416503906
2023-04-06,391.78131103515625
2023-04-10,392.18341064453125
2023-04-11,392.2886962890625
2023-04-12,390.6897888183594
2023-04-13,395.8791809082031
2023-04-14,394.9121398925781
2023-04-17,396.3292541503906
2023-04-18,396.58770751953125
2023-04-19,396.5205993652344
2023-04-20,394.35687255859375
2023-04-21,394.6632080078125
2023-04-24,395.074951171875
2023-04-25,388.8036193847656
2023-04-26,387.1567687988281
2023-04-27,394.86431884765625
2023-04-28,398.2344970703125
2023-05-01,397.8323669433594
2023-05-02,393.3611145019531
2023-05-03,390.6610412597656
2023-05-04,387.8940124511719
2023-05-05,395.074951171875
2023-05-08,395.18023681640625
2023-05-09,393.4472961425781
2023-05-10,395.28558349609375
2023-05-11,394.5962219238281
2023-05-12,394.07916259765625
2023-05-15,395.438720703125
2023-05-16,392.7961730957031
2023-05-17,397.5643615722656
2023-05-18,401.3941345214844
2023-05-19,400.81005859375
2023-05-22,400.9727783203125
2023-05-23,396.4727783203125
2023-05-24,393.6003723144531
2023-05-25,397.00897216796875
2023-05-26,402.1505126953125
2023-05-30,402.3037109375
2023-05-31,400.07281494140625
2023-06-01,403.8739318847656
2023-06-02,409.7144470214844
2023-06-05,408.9293212890625
2023-06-06,409.8197937011719
2023-06-07,408.4027099609375
2023-06-08,410.87298583984375
2023-06-09,411.6101989746094
2023-06-12,415.34429931640625
2023-06-13,418.0826721191406
2023-06-14,418.58050537109375
2023-06-15,423.7699279785156
2023-06-16,422.3264465332031
2023-06-20,420.1353759765625
2023-06-21,417.98260498046875
2023-06-22,419.491455078125
2023-06-23,416.3200988769531
2023-06-26,414.61907958984375
2023-06-27,419.16473388671875
2023-06-28,419.3761291503906
2023-06-29,421.029052734375
2023-06-30,425.99749755859375
2023-07-03,426.4876403808594
2023-07-05,425.8533630371094
2023-07-06,422.5185852050781
2023-07-07,421.4519348144531
2023-07-10,422.5185852050781
2023-07-11,425.2094421386719
2023-07-12,428.6306457519531
2023-07-13,432.0326232910156
2023-07-14,431.7635803222656
2023-07-17,433.2626953125
2023-07-18,436.48211669921875
2023-07-19,437.4527587890625
2023-07-20,434.5504150390625
2023-07-21,434.5504150390625
2023-07-24,436.4917297363281
2023-07-25,437.6834716796875
2023-07-26,437.75067138671875
2023-07-27,434.848388671875
2023-07-28,439.105712890625
2023-07-31,439.9418029785156
2023-08-01,438.6828308105469
2023-08-02,432.5804138183594
2023-08-03,431.3406677246094
2023-08-04,429.3898620605469
2023-08-07,433.1378479003906
2023-08-08,431.2542724609375
2023-08-09,428.3712158203125
2023-08-10,428.52496337890625
2023-08-11,428.27508544921875
2023-08-14,430.63916015625
2023-08-15,425.6227111816406
2023-08-16,422.4994201660156
2023-08-17,419.2800598144531
2023-08-18,419.4818115234375
2023-08-21,422.2110900878906
2023-08-22,421.06744384765625
2023-08-23,425.7572326660156
2023-08-24,419.8565979003906
2023-08-25,422.8165588378906
2023-08-28,425.4977722167969
2023-08-29,431.6483154296875
2023-08-30,433.42608642578125
2023-08-31,432.7918701171875
2023-09-01,433.5991516113281
2023-09-05,431.7251281738281
2023-09-06,428.8228454589844
2023-09-07,427.5062255859375
2023-09-08,428.1501159667969
2023-09-11,430.96600341796875
2023-09-12,428.60186767578125
2023-09-13,429.1015319824219
2023-09-14,432.80145263671875
2023-09-15,427.5869445800781
2023-09-18,427.8376770019531
2023-09-19,426.9504699707031
2023-09-20,423.02532958984375
2023-09-21,416.0333557128906
2023-09-22,415.0979309082031
2023-09-25,416.843505859375
2023-09-26,410.7195739746094
2023-09-27,410.88348388671875
2023-09-28,413.2655334472656
2023-09-29,412.26263427734375
2023-10-02,412.0986633300781
2023-10-03,406.5822448730469
2023-10-04,409.54296875
2023-10-05,409.3887023925781
2023-10-06,414.249267578125
2023-10-09,416.9013366699219
2023-10-10,419.0712890625
2023-10-11,420.78790283203125
2023-10-12,418.22259521484375
2023-10-13,416.1394958496094
2023-10-16,420.51788330078125
2023-10-17,420.4985656738281
2023-10-18,414.8953552246094
2023-10-19,411.2499084472656
2023-10-20,406.1964416503906
2023-10-23,405.49249267578125
2023-10-24,408.54962158203125
2023-10-25,402.68603515625
2023-10-26,397.864013671875
2023-10-27,396.0606384277344
2023-10-30,400.7958068847656
2023-10-31,403.31292724609375
2023-11-01,407.6142272949219
2023-11-02,415.42584228515625
2023-11-03,419.2159423828125
2023-11-06,420.1803283691406
2023-11-07,421.37615966796875
2023-11-08,421.6847839355469
2023-11-09,418.3961486816406
2023-11-10,424.9251708984375
2023-11-13,424.5201110839844
2023-11-14,432.7561340332031
2023-11-15,433.67230224609375
2023-11-16,434.2027893066406
2023-11-17,434.7428283691406
2023-11-20,438.0892639160156
2023-11-21,437.1344909667969
2023-11-22,438.8222351074219
2023-11-24,439.0922546386719
2023-11-27,438.3014221191406
2023-11-28,438.7353820800781
2023-11-29,438.4267883300781
2023-11-30,440.153076171875
2023-12-01,442.7569580078125
2023-12-04,440.43280029296875
2023-12-05,440.34600830078125
2023-12-06,438.57147216796875
2023-12-07,441.91790771484375
2023-12-08,443.8178405761719
2023-12-11,445.54412841796875
2023-12-12,447.5789794921875
2023-12-13,453.75115966796875
2023-12-14,455.2074279785156
2023-12-15,454.4579162597656
2023-12-18,457.0143127441406
2023-12-19,459.7933349609375
2023-12-20,453.4217834472656
2023-12-21,457.7211608886719
2023-12-22,458.64105224609375
2023-12-26,460.57757568359375
2023-12-27,461.4104309082031
2023-12-28,461.5846862792969
2023-12-29,460.24847412109375
2024-01-02,457.6727600097656
2024-01-03,453.93511962890625
2024-01-04,452.4728698730469
2024-01-05,453.09259033203125
2024-01-08,459.56097412109375
2024-01-09,458.86370849609375
2024-01-10,461.4588317871094
2024-01-11,461.2554931640625
2024-01-12,461.5749816894531
2024-01-16,459.8804626464844
2024-01-17,457.3241271972656
2024-01-18,461.3910217285156
2024-01-19,467.142822265625
2024-01-22,468.13055419921875
2024-01-23,469.49578857421875
2024-01-24,470.009033203125
2024-01-25,472.56536865234375
2024-01-26,471.9650573730469
2024-01-29,475.70269775390625
2024-01-30,475.3348083496094
2024-01-31,467.57855224609375
2024-02-01,473.6982727050781
2024-02-02,478.68505859375
2024-02-05,476.9421081542969
2024-02-06,478.32684326171875
2024-02-07,482.3162841796875
2024-02-08,482.5293273925781
2024-02-09,485.3180847167969
2024-02-12,485.10498046875
2024-02-13,478.4236145019531
2024-02-14,482.7713928222656
2024-02-15,486.1023864746094
2024-02-16,483.6816101074219
2024-02-20,481.01873779296875
2024-02-21,481.4544372558594
2024-02-22,491.41839599609375
2024-02-23,491.7573547363281
2024-02-26,489.9562072753906
2024-02-27,490.8664245605469
2024-02-28,490.2176818847656
2024-02-29,491.9800109863281
2024-03-01,496.598876953125
2024-03-04,496.0662841796875
2024-03-05,491.10858154296875
2024-03-06,493.59710693359375
2024-03-07,498.49676513671875
2024-03-08,495.50469970703125
2024-03-11,495.07861328125
2024-03-12,500.4043884277344
2024-03-13,499.6199951171875
2024-03-14,498.63226318359375
2024-03-15,495.20843505859375
2024-03-18,498.15155029296875
2024-03-19,500.9198303222656
2024-03-20,505.5529479980469
2024-03-21,507.22369384765625
2024-03-22,506.2620544433594
2024-03-25,504.86334228515625
2024-03-26,503.930908203125
2024-03-27,508.1658630371094
2024-03-28,508.0686950683594
2024-04-01,507.184814453125
2024-04-02,503.9600830078125
2024-04-03,504.51361083984375
2024-04-04,498.35552978515625
2024-04-05,503.561767578125
2024-04-08,503.8434143066406
2024-04-09,504.42626953125
2024-04-10,499.3753967285156
2024-04-11,503.1441650390625
2024-04-12,496.19915771484375
2024-04-15,489.98272705078125
2024-04-16,489.0890808105469
2024-04-17,486.1946105957031
2024-04-18,485.1940612792969
2024-04-19,480.9591979980469
2024-04-22,485.3883972167969
2024-04-23,491.1482849121094
2024-04-24,490.9151916503906
2024-04-25,489.0502624511719
2024-04-26,493.6834716796875
2024-04-29,495.43182373046875
2024-04-30,487.5835876464844
2024-05-01,486.0002746582031
2024-05-02,490.5461120605469
2024-05-03,496.6265563964844
2024-05-06,501.75518798828125
2024-05-07,502.308837890625
2024-05-08,502.35736083984375
2024-05-09,505.2518615722656
2024-05-10,505.9026184082031
2024-05-13,505.97064208984375
2024-05-14,508.29205322265625
2024-05-15,514.5862426757812
2024-05-16,513.5274658203125
2024-05-17,514.2657470703125
2024-05-20,514.8582763671875
2024-05-21,516.1210327148438
2024-05-22,514.6348266601562
2024-05-23,510.8758239746094
2024-05-24,514.2560424804688
2024-05-28,514.6154174804688
2024-05-29,511.01177978515625
2024-05-30,507.6219177246094
2024-05-31,512.2453002929688
2024-06-03,512.6630249023438
2024-06-04,513.2361450195312
2024-06-05,519.3359375
2024-06-06,519.3263549804688
2024-06-07,518.6950073242188
2024-06-10,520.2975463867188
2024-06-11,521.550537109375
2024-06-12,525.8341064453125
2024-06-13,526.8930053710938
2024-06-14,527.2135009765625
2024-06-17,531.40966796875
2024-06-18,532.7596435546875
2024-06-20,531.3123779296875
2024-06-21,530.60009765625
2024-06-24,528.875244140625
2024-06-25,530.9119262695312
2024-06-26,531.5745239257812
2024-06-27,532.41259765625
2024-06-28,530.3173828125
2024-07-01,531.4090576171875
2024-07-02,534.9851684570312
2024-07-03,537.37255859375
2024-07-05,540.4712524414062
2024-07-08,541.0950317382812
2024-07-09,541.6211547851562
2024-07-10,546.9806518554688
2024-07-11,542.2643432617188
2024-07-12,545.6845703125
2024-07-15,547.185302734375
2024-07-16,550.4302368164062
2024-07-17,542.7125854492188
2024-07-18,538.5418701171875
2024-07-19,534.9656982421875
2024-07-22,540.4811401367188
2024-07-23,539.63330078125
2024-07-24,527.4039306640625
2024-07-25,524.6558227539062
2024-07-26,530.5319213867188
2024-07-29,530.8436279296875
2024-07-30,528.1541748046875
2024-07-31,536.7390747070312
2024-08-01,529.138427734375
2024-08-02,519.2866821289062
2024-08-05,504.1631774902344
2024-08-06,508.8113708496094
2024-08-07,505.4103698730469
2024-08-08,517.09423828125
2024-08-09,519.3744506835938
2024-08-12,519.6472778320312
2024-08-13,528.1931762695312
2024-08-14,529.8595581054688
2024-08-15,538.94140625
2024-08-16,540.149658203125
2024-08-19,545.3143310546875
2024-08-20,544.4276123046875
2024-08-21,546.298583984375
2024-08-22,542.0108642578125
2024-08-23,547.77001953125
2024-08-26,546.4641723632812
2024-08-27,547.214599609375
2024-08-28,544.0377807617188
2024-08-29,544.0866088867188
2024-08-30,549.2803955078125
2024-09-03,537.9767456054688
2024-09-04,536.8756103515625
2024-09-05,535.5697631835938
2024-09-06,526.5562133789062
2024-09-09,532.4514770507812
2024-09-10,534.770751953125
2024-09-11,540.2569580078125
2024-09-12,544.8076782226562
2024-09-13,547.6530151367188
2024-09-16,548.4618530273438
2024-09-17,548.6859741210938
2024-09-18,547.0586547851562
2024-09-19,556.3938598632812
2024-09-20,555.43212890625
2024-09-23,556.820068359375
2024-09-24,558.4132690429688
2024-09-25,557.1817016601562
2024-09-26,559.3906860351562
2024-09-27,558.5794067382812
2024-09-30,560.8178100585938
2024-10-01,555.7937622070312
2024-10-02,556.0283813476562
2024-10-03,555.0117797851562
2024-10-04,560.055419921875
2024-10-07,554.9922485351562
2024-10-08,560.2410888671875
2024-10-09,564.12158203125
2024-10-10,563.1343383789062
2024-10-11,566.5065307617188
2024-10-14,571.1395874023438
2024-10-15,566.7020263671875
2024-10-16,569.1651611328125
2024-10-17,569.214111328125
2024-10-18,571.4035034179688
2024-10-21,570.4652099609375
2024-10-22,570.1621704101562
2024-10-23,564.9523315429688
2024-10-24,566.1741333007812
2024-10-25,565.9786376953125
2024-10-28,567.7283935546875
2024-10-29,568.6470947265625
2024-10-30,566.9268188476562
2024-10-31,555.8134155273438
2024-11-01,558.1591796875
2024-11-04,556.9568481445312
2024-11-05,563.6915893554688
2024-11-06,577.7080078125
2024-11-07,582.1748657226562
2024-11-08,584.6967163085938
2024-11-11,585.2539672851562
2024-11-12,583.4358520507812
2024-11-13,583.7192993164062
2024-11-14,579.9658813476562
2024-11-15,572.5374755859375
2024-11-18,574.88330078125
2024-11-19,576.9846801757812
2024-11-20,577.1802368164062
2024-11-21,580.2786865234375
2024-11-22,582.0772705078125
2024-11-25,584.0516967773438
2024-11-26,587.1012573242188
2024-11-27,585.3223876953125
2024-11-29,588.9583740234375
2024-12-02,590.0140991210938
2024-12-03,590.28759765625
2024-12-04,593.9530639648438
2024-12-05,592.9756469726562
2024-12-06,594.0997314453125
2024-12-09,591.0404052734375
2024-12-10,589.2027587890625
2024-12-11,593.7577514648438
2024-12-12,590.6983032226562
2024-12-13,590.5809326171875
2024-12-16,593.1027221679688
2024-12-17,590.6591186523438
2024-12-18,573.0553588867188
2024-12-19,572.8794555664062
2024-12-20,579.7603149414062
2024-12-23,583.2321166992188
2024-12-24,589.7147827148438
2024-12-26,589.7539672851562
2024-12-27,583.5458984375
2024-12-30,576.88671875
2024-12-31,574.7880249023438
2025-01-02,573.3756713867188
2025-01-03,580.544921875
2025-01-06,583.8890991210938
2025-01-07,577.2889404296875
2025-01-08,578.1322631835938
2025-01-10,569.3056030273438
2025-01-13,570.1883544921875
2025-01-14,570.972900390625
2025-01-15,581.3588256835938
2025-01-16,580.2409057617188
2025-01-17,586.0664672851562
2025-01-21,591.4309692382812
2025-01-22,594.7557983398438
2025-01-23,598.001953125
2025-01-24,596.2561645507812
2025-01-27,587.8218383789062
2025-01-28,592.8726806640625
2025-01-29,590.2149047851562
2025-01-30,593.3826904296875
2025-01-31,590.2246704101562
2025-02-03,586.2527465820312
2025-02-04,590.1854248046875
2025-02-05,592.5784912109375
2025-02-06,594.6380004882812
2025-02-07,589.1949462890625
2025-02-10,593.1962890625
2025-02-11,593.6474609375
2025-02-12,591.7349853515625
2025-02-13,597.9822998046875
2025-02-14,597.952880859375
2025-02-18,599.7083740234375
2025-02-19,601.1205444335938
2025-02-20,598.6197509765625
2025-02-21,588.3809204101562
2025-02-24,585.7034912109375
2025-02-25,582.7907104492188
2025-02-26,583.0849609375
2025-02-27,573.77783203125
2025-02-28,582.73193359375
2025-03-03,572.5224609375
2025-03-04,565.7456665039062
2025-03-05,571.826171875
2025-03-06,561.6756591796875
2025-03-07,564.8236694335938
2025-03-10,549.779296875
2025-03-11,545.2090454101562
2025-03-12,548.1021728515625
2025-03-13,540.7957763671875
2025-03-14,551.9662475585938
2025-03-17,556.2227172851562
2025-03-18,550.2108764648438
2025-03-19,556.2030639648438
2025-03-20,554.5947265625
2025-03-21,554.777587890625
2025-03-24,564.712890625
2025-03-25,566.0703125
2025-03-26,559.3123779296875
2025-03-27,557.8270874023438
2025-03-28,546.5933227539062
2025-03-31,550.2625122070312
2025-04-01,551.8167114257812
2025-04-02,555.3087768554688
2025-04-03,527.94287109375
2025-04-04,497.0354309082031
2025-04-07,496.150146484375
2025-04-08,488.3790283203125
2025-04-09,539.6683349609375
2025-04-10,516.0205688476562
2025-04-11,525.2278442382812
2025-04-14,530.3232421875
2025-04-15,528.837890625
2025-04-16,517.0828247070312
2025-04-17,517.8206176757812
2025-04-21,505.4951171875
2025-04-22,518.64697265625
2025-04-23,526.6836547851562
2025-04-24,537.769775390625
2025-04-25,541.6554565429688
2025-04-28,541.8618774414062
2025-04-29,545.2752685546875
2025-04-30,545.49169921875
2025-05-01,549.3574829101562
2025-05-02,557.5122680664062
2025-05-05,554.3153076171875
2025-05-06,549.6821899414062
2025-05-07,551.993896484375
2025-05-08,555.8400268554688
2025-05-09,555.1317749023438
2025-05-12,573.4774169921875
2025-05-13,577.2647705078125
2025-05-14,578.00244140625
2025-05-15,580.8255004882812
2025-05-16,584.5045166015625
2025-05-19,585.1438598632812
2025-05-20,583.176513671875
2025-05-21,573.3494873046875
2025-05-22,573.5758666992188
2025-05-23,569.6607666015625
2025-05-27,581.5043334960938
2025-05-28,578.1400756835938
2025-05-29,580.4223022460938
2025-05-30,579.7730102539062
2025-06-02,583.0388793945312
2025-06-03,586.3636474609375
2025-06-04,586.206298828125
2025-06-05,583.373291015625
2025-06-06,589.364013671875
2025-06-09,589.8950805664062
2025-06-10,593.2396850585938
2025-06-11,591.5477294921875
2025-06-12,593.8987426757812
2025-06-13,587.2589111328125
2025-06-16,592.84619140625
2025-06-17,587.7802734375
2025-06-18,587.691650390625
2025-06-20,586.3114624023438
2025-06-23,592.1027221679688
2025-06-24,598.6438598632812
2025-06-25,598.979248046875
2025-06-26,603.6655883789062
2025-06-27,606.6647338867188
2025-06-30,609.5653686523438
2025-07-01,609.3681030273438
2025-07-02,612.130615234375
2025-07-03,616.9549560546875
2025-07-07,612.3573608398438
2025-07-08,612.0220336914062
2025-07-09,615.692138671875
2025-07-10,617.4285888671875
2025-07-11,615.2579956054688
2025-07-14,616.4320678710938
2025-07-15,613.7979125976562
2025-07-16,615.8499145507812
2025-07-17,619.6187133789062
2025-07-18,619.1649780273438
2025-07-21,620.3389892578125
2025-07-22,620.4277954101562
2025-07-23,625.7059936523438
2025-07-24,625.9132080078125
2025-07-25,628.5572509765625
2025-07-28,628.3994750976562
2025-07-29,626.741943359375
2025-07-30,625.9526977539062
2025-07-31,623.6046752929688
2025-08-01,613.3834838867188
2025-08-04,622.7067260742188
2025-08-05,619.5496215820312
2025-08-06,624.2952880859375
2025-08-07,623.7722778320312
2025-08-08,628.6361694335938
2025-08-11,627.3931274414062
2025-08-12,634.0723266601562
2025-08-13,636.242919921875
2025-08-14,636.302001953125
2025-08-15,634.8123168945312
2025-08-18,634.674072265625
2025-08-19,631.23095703125
2025-08-20,629.5537109375
2025-08-21,627.0281372070312
2025-08-22,636.6572265625
2025-08-25,633.8552856445312
2025-08-26,636.5092163085938
2025-08-27,637.95947265625
2025-08-28,640.21875
2025-08-29,636.4006958007812
2025-09-02,631.6847534179688
2025-09-03,635.1082763671875
2025-09-04,640.4160766601562
2025-09-05,638.5613403320312
2025-09-08,640.1299438476562
2025-09-09,641.6099243164062
2025-09-10,643.4647216796875
2025-09-11,648.8119506835938
2025-09-12,648.594970703125
2025-09-15,652.0480346679688
2025-09-16,651.1502075195312
2025-09-17,650.3411865234375
2025-09-18,653.3798828125
2025-09-19,656.6160278320312
2025-09-22,659.7224731445312
2025-09-23,656.1312255859375
2025-09-24,654.0436401367188
2025-09-25,651.0263061523438
2025-09-26,654.7560424804688
2025-09-29,656.5962524414062
2025-09-30,659.0695190429688
2025-10-01,661.3153076171875
2025-10-02,662.0770263671875
2025-10-03,662.0671997070312
2025-10-06,664.4415283203125
2025-10-07,661.9781494140625
2025-10-08,665.925537109375
2025-10-09,663.996337890625
2025-10-10,646.0499877929688
2025-10-13,655.9630126953125
2025-10-14,655.1616821289062
2025-10-15,658.0703125
2025-10-16,653.5887451171875
2025-10-17,657.2986450195312
2025-10-20,664.1348876953125
2025-10-21,664.1249389648438
2025-10-22,660.6722412109375
2025-10-23,664.5899658203125
2025-10-24,670.0213623046875
2025-10-27,677.9260864257812
2025-10-28,679.7265625
2025-10-29,680.0531616210938
2025-10-30,672.5738525390625
2025-10-31,674.780029296875
2025-11-03,676.04638671875
2025-11-04,668.0328369140625
2025-11-05,670.3478393554688
2025-11-06,663.1554565429688
2025-11-07,663.808349609375
2025-11-10,674.1666870117188
2025-11-11,675.7099609375
2025-11-12,676.0859375
2025-11-13,664.8670043945312
2025-11-14,664.7581176757812
2025-11-17,658.5648803710938
2025-11-18,653.0345458984375
2025-11-19,655.5574340820312
2025-11-20,645.5652465820312
2025-11-21,651.995849609375
2025-11-24,661.59228515625
2025-11-25,667.8151245117188
2025-11-26,672.4254760742188
2025-11-28,676.0958251953125
2025-12-01,673.0090942382812
2025-12-02,674.2557373046875
2025-12-03,676.5905151367188
2025-12-04,677.085205078125
2025-12-05,678.3712768554688
2025-12-08,676.3333129882812
2025-12-09,675.7495727539062
2025-12-10,680.2312622070312
2025-12-11,681.814208984375
2025-12-12,674.4832763671875
2025-12-15,673.4641723632812
2025-12-16,671.6240844726562
2025-12-17,664.2338256835938
2025-12-18,669.2496337890625
2025-12-19,675.3153686523438
2025-12-22,679.5224609375
2025-12-23,682.628173828125
2025-12-24,685.0294799804688
2025-12-26,684.9600219726562
2025-12-29,682.51904296875
2025-12-30,681.685546875
